dateOfBirth,experience,firstName,lastName
1740338056000,3.0,First2,Last2
1740338056000,5.0,First4,Last4
1740338056000,7.0,First6,Last6
1740338056000,9.0,First8,Last8
1740338056000,2.0,First11,Last11
1740338056000,5.0,First14,Last14
1740338056000,6.0,First15,Last15
1740338056000,8.0,First17,Last17
1740338056000,1.0,First20,Last20
1740338056000,4.0,First23,Last23
1740338056000,6.0,First25,Last25
1740338056000,1.0,First30,Last30
1740338056000,3.0,First32,Last32
1740338056000,7.0,First36,Last36
1740338056000,1.0,First40,Last40
1740338056000,3.0,First42,Last42
1740338056000,6.0,First45,Last45
1740338056000,8.0,First47,Last47
1740338056000,2.0,First51,Last51
1740338056000,4.0,First53,Last53
1740338056000,7.0,First56,Last56
1740338056000,4.0,First63,Last63
1740338056000,6.0,First65,Last65
1740338056000,10.0,First69,Last69
1740338056000,3.0,First72,Last72
1740338056000,4.0,First73,Last73
1740338056000,6.0,First75,Last75
1740338056000,8.0,First77,Last77
1740338056000,3.0,First82,Last82
1740338056000,6.0,First85,Last85
1740338056000,8.0,First87,Last87
1740338056000,10.0,First89,Last89
1740338056000,3.0,First92,Last92
1740338056000,8.0,First97,Last97
1740338057000,10.0,First99,Last99
1740338056000,3.0,First2,Last2
1740338056000,5.0,First4,Last4
1740338056000,8.0,First7,Last7
1740338056000,2.0,First11,Last11
1740338056000,5.0,First14,Last14
1740338056000,9.0,First18,Last18
1740338056000,1.0,First20,Last20
1740338056000,3.0,First22,Last22
1740338056000,8.0,First27,Last27
1740338056000,10.0,First29,Last29
1740338056000,2.0,First31,Last31
1740338056000,5.0,First34,Last34
1740338056000,8.0,First37,Last37
1740338056000,10.0,First39,Last39
1740338056000,2.0,First41,Last41
1740338056000,5.0,First44,Last44
1740338056000,6.0,First45,Last45
1740338056000,7.0,First46,Last46
1740338056000,10.0,First49,Last49
1740338056000,3.0,First52,Last52
1740338056000,4.0,First53,Last53
1740338056000,6.0,First55,Last55
1740338056000,8.0,First57,Last57
1740338056000,2.0,First61,Last61
1740338056000,3.0,First62,Last62
1740338056000,6.0,First65,Last65
1740338056000,10.0,First69,Last69
1740338056000,4.0,First73,Last73
1740338056000,6.0,First75,Last75
1740338056000,1.0,First80,Last80
1740338056000,3.0,First82,Last82
1740338056000,8.0,First87,Last87
1740338056000,9.0,First88,Last88
1740338056000,2.0,First91,Last91
1740338056000,3.0,First92,Last92
1740338056000,5.0,First94,Last94
1740338056000,8.0,First97,Last97
1740338057000,1.0,First100,Last100
1740338056000,4.0,First3,Last3
1740338056000,7.0,First6,Last6
1740338056000,1.0,First10,Last10
1740338056000,3.0,First12,Last12
1740338056000,4.0,First13,Last13
1740338056000,8.0,First17,Last17
1740338056000,1.0,First20,Last20
1740338056000,3.0,First22,Last22
1740338056000,5.0,First24,Last24
1740338056000,3.0,First32,Last32
1740338056000,4.0,First33,Last33
1740338056000,6.0,First35,Last35
1740338056000,7.0,First36,Last36
1740338056000,9.0,First38,Last38
1740338056000,10.0,First39,Last39
1740338056000,1.0,First40,Last40
1740338056000,2.0,First41,Last41
1740338056000,3.0,First42,Last42
1740338056000,4.0,First43,Last43
1740338056000,5.0,First44,Last44
1740338056000,6.0,First45,Last45
1740338056000,7.0,First46,Last46
1740338056000,8.0,First47,Last47
1740338056000,9.0,First48,Last48
1740338056000,10.0,First49,Last49
1740338056000,1.0,First50,Last50
1740338056000,2.0,First51,Last51
